MovieTitle,Directors,Writers,ReleaseDate,Genres,RunTime,Rated,Cast,Ratings,ImageURL-src
Aliens,"Director:

James Cameron","Writers:

James Cameron (story by), David Giler (story by)            |

4 more credits »",1986-08-29,"Genres:

 Action |

 Adventure |

 Sci-Fi |

 Thriller",2h 17m,15,"Stars:

Sigourney Weaver, Michael Biehn, Carrie Henn            |

See full cast & crew »",8.3,"https://m.media-amazon.com/images/M/MV5BZjY1OWZlMTEtNTExMy00N2UxLWFjZjItYzRlYWFlMjVhYjlkXkEyXkFqcGdeQXVyNDMxNjY1NTU@._V1_SX346_CR0,0,346,499_AL_.jpg";
One Flew Over the Cuckoo's Nest,"Director:

Milos Forman","Writers:

Lawrence Hauben (screenplay), Bo Goldman (screenplay)            |

2 more credits »",1976-02-26,"Genres:

 Drama",2h 13m,X,"Stars:

Jack Nicholson, Louise Fletcher, Will Sampson            |

See full cast & crew »",8.7,https://m.media-amazon.com/images/M/MV5BNTBkYmI0YjYtMzlmYS00YTBlLWJiMDUtMzAyNWRhNmJmZTMyL2ltYWdlL2ltYWdlXkEyXkFqcGdeQXVyNjMxMjkwMjI@._V1_SY494_SX728_AL_.jpg;
The Kid,"Director:

Charles Chaplin (as Charlie Chaplin)","Writer:

Charles Chaplin (as Charlie Chaplin)",null,"Genres:

 Comedy |

 Drama |

 Family",1h 8m,U,"Stars:

Charles Chaplin, Edna Purviance, Jackie Coogan            |

See full cast & crew »",8.3,"https://m.media-amazon.com/images/M/MV5BNDQ1NTM4ODAtZTI5Ny00YmNiLTg0MjctNzE1YzI2MDFkNmFmXkEyXkFqcGdeQXVyMzg1ODEwNQ@@._V1_SX275_CR0,0,275,401_AL_.jpg";
Life Is Beautiful,"Director:

Roberto Benigni","Writers:

Vincenzo Cerami (story and screenplay by), Roberto Benigni (story and screenplay by)",1999-02-12,"Genres:

 Comedy |

 Drama |

 Romance |

 War",1h 56m,PG,"Stars:

Roberto Benigni, Nicoletta Braschi, Giorgio Cantarini            |

See full cast & crew »",8.6,https://m.media-amazon.com/images/M/MV5BZTZjYmZhYTQtMGRjZS00N2U4LThjMzctZGMxMzYxMWM4N2Y0XkEyXkFqcGdeQXVyNjM0ODQ2MDk@._V1_SY261_SX435_AL_.jpg;
Princess Mononoke,"Director:

Hayao Miyazaki","Writers:

Hayao Miyazaki, Neil Gaiman (adapted by: English version)",2001-10-19,"Genres:

 Animation |

 Adventure |

 Fantasy",2h 14m,PG,"Stars:

Yôji Matsuda, Yuriko Ishida, Yûko Tanaka            |

See full cast & crew »",8.4,"https://m.media-amazon.com/images/M/MV5BYjUyODY2YWMtOTExZS00ZWVjLTkxMzktMmZjNTQ3NzIyYTdkXkEyXkFqcGdeQXVyODEzNjM5OTQ@._V1_SY500_CR0,0,333,500_AL_.jpg";
Witness for the Prosecution,"Director:

Billy Wilder","Writers:

Agatha Christie (in Agatha Christie's international stage success), Billy Wilder (screen play)            |

2 more credits »",1958-02-06,"Genres:

 Crime |

 Drama |

 Film-Noir |

 Mystery |

 Thriller",1h 56m,U,"Stars:

Tyrone Power, Marlene Dietrich, Charles Laughton            |

See full cast & crew »",8.4,"https://m.media-amazon.com/images/M/MV5BMTg2NTc2MjU4NV5BMl5BanBnXkFtZTcwODY1Nzg0NQ@@._V1_SY250_CR0,0,166,250_AL_.jpg";
The Usual Suspects,"Director:

Bryan Singer","Writer:

Christopher McQuarrie",1995-08-25,"Genres:

 Crime |

 Mystery |

 Thriller",1h 46m,18,"Stars:

Kevin Spacey, Gabriel Byrne, Chazz Palminteri            |

See full cast & crew »",8.5,https://m.media-amazon.com/images/M/MV5BOTNjNjRjZDUtMjAyZi00NmE1LWE1OTgtYjhjNjUzOTc0ZmY1XkEyXkFqcGdeQXVyNjYyMTYxMzk@._V1_SY479_SX340_AL_.jpg;
The Pianist,"Director:

Roman Polanski","Writers:

Ronald Harwood (screenplay), Wladyslaw Szpilman (book)",2003-01-24,"Genres:

 Biography |

 Drama |

 Music |

 War",2h 30m,15,"Stars:

Adrien Brody, Thomas Kretschmann, Frank Finlay            |

See full cast & crew »",8.5,"https://m.media-amazon.com/images/M/MV5BMTEyZjUyZDEtYzQxOC00YzYwLWJlZTktMDUwOGYxMDAwMTI3XkEyXkFqcGdeQXVyMTgxOTIzNzk@._V1_SY500_CR0,0,371,500_AL_.jpg";
Avengers: Infinity War,"Directors:

Anthony Russo, Joe Russo","Writers:

Christopher Markus (screenplay by), Stephen McFeely (screenplay by)            |

14 more credits »",2018-04-26,"Genres:

 Action |

 Adventure |

 Sci-Fi",2h 29m,12A,"Stars:

Robert Downey Jr., Chris Hemsworth, Mark Ruffalo            |

See full cast & crew »",8.5,"https://m.media-amazon.com/images/M/MV5BNTMzMDI3MzM1MF5BMl5BanBnXkFtZTgwMTkzMTQxNTM@._V1_SY500_CR0,0,342,500_AL_.jpg";
The Lord of the Rings: The Return of the King,"Director:

Peter Jackson","Writers:

J.R.R. Tolkien (novel), Fran Walsh (screenplay)            |

2 more credits »",2003-12-17,"Genres:

 Adventure |

 Drama |

 Fantasy",3h 21m,12A,"Stars:

Elijah Wood, Viggo Mortensen, Ian McKellen            |

See full cast & crew »",8.9,https://m.media-amazon.com/images/M/MV5BYzA4YjgxMDItNjAyMC00YjM3LTkyNDEtYTQyMzAxNGQ5NjJhXkEyXkFqcGdeQXVyNDk2MjQ4Mzk@._V1_SY370_SX888_AL_.jpg;
Amélie,"Director:

Jean-Pierre Jeunet","Writers:

Guillaume Laurant (scenario), Jean-Pierre Jeunet (scenario)            |

1 more credit »",2001-10-05,"Genres:

 Comedy |

 Romance",2h 2m,15,"Stars:

Audrey Tautou, Mathieu Kassovitz, Rufus            |

See full cast & crew »",8.3,"https://m.media-amazon.com/images/M/MV5BMTA3MjVkMWMtYTQ4ZC00ODczLWFjYmQtMDFkZDQ2Y2M0NDVmXkEyXkFqcGdeQXVyMTQxNzMzNDI@._V1_SY500_CR0,0,336,500_AL_.jpg";
The Matrix,"Directors:

Lana Wachowski (as The Wachowski Brothers), Lilly Wachowski (as The Wachowski Brothers)","Writers:

Lilly Wachowski (as The Wachowski Brothers), Lana Wachowski (as The Wachowski Brothers)",1999-06-11,"Genres:

 Action |

 Sci-Fi",2h 16m,15,"Stars:

Keanu Reeves, Laurence Fishburne, Carrie-Anne Moss            |

See full cast & crew »",8.7,"https://m.media-amazon.com/images/M/MV5BNWI4OWYzNTYtNWI4MC00MzllLWE4MzUtMTRiY2IzYmZkNzgyXkEyXkFqcGdeQXVyNzkwMjQ5NzM@._V1_SY500_CR0,0,333,500_AL_.jpg";
2001: A Space Odyssey,"Director:

Stanley Kubrick","Writers:

Stanley Kubrick (screenplay), Arthur C. Clarke (screenplay)",1968-05-12,"Genres:

 Adventure |

 Sci-Fi",2h 29m,U,"Stars:

Keir Dullea, Gary Lockwood, William Sylvester            |

See full cast & crew »",8.3,https://m.media-amazon.com/images/M/MV5BYzE0ZmRiMzAtYmMwOS00ZTUxLTkxZTctMDkyM2E2Njk4YTI1XkEyXkFqcGdeQXVyMzg1ODEwNQ@@._V1_SY351_SX250_AL_.jpg;
The Lord of the Rings: The Two Towers,"Director:

Peter Jackson","Writers:

J.R.R. Tolkien (novel), Fran Walsh (screenplay)            |

3 more credits »",2002-12-18,"Genres:

 Adventure |

 Drama |

 Fantasy",2h 59m,12A,"Stars:

Elijah Wood, Ian McKellen, Viggo Mortensen            |

See full cast & crew »",8.7,"https://m.media-amazon.com/images/M/MV5BNTBiY2UyNmUtMzc5Ny00OGE4LThjNTEtM2EzZGZhNTFmMDZlXkEyXkFqcGdeQXVyNzkwMjQ5NzM@._V1_SY500_CR0,0,340,500_AL_.jpg";
Star Wars: Episode V - The Empire Strikes Back,"Director:

Irvin Kershner","Writers:

Leigh Brackett (screenplay by), Lawrence Kasdan (screenplay by)            |

1 more credit »",1980-05-21,"Genres:

 Action |

 Adventure |

 Fantasy |

 Sci-Fi",2h 4m,U,"Stars:

Mark Hamill, Harrison Ford, Carrie Fisher            |

See full cast & crew »",8.7,"https://m.media-amazon.com/images/M/MV5BOTE4MzA4ZTktZWI3Zi00YjM5LWFkNDctODUxZGQ2ZjkxNjQzXkEyXkFqcGdeQXVyNTkxMzEwMzU@._V1_SY500_CR0,0,320,500_AL_.jpg";
Apocalypse Now,"Director:

Francis Ford Coppola (as Francis Coppola)","Writers:

John Milius, Francis Ford Coppola (as Francis Coppola)            |

1 more credit »",1979-12-19,"Genres:

 Drama |

 Mystery |

 War",2h 27m,X,"Stars:

Martin Sheen, Marlon Brando, Robert Duvall            |

See full cast & crew »",8.4,"https://m.media-amazon.com/images/M/MV5BZTNkZmU0ZWQtZjQzMy00YTNmLWFmN2MtZGNkMmU1OThmMGYwXkEyXkFqcGdeQXVyNzkwMjQ5NzM@._V1_SY500_CR0,0,326,500_AL_.jpg";
North by Northwest,"Director:

Alfred Hitchcock","Writer:

Ernest Lehman",1959-11-20,"Genres:

 Adventure |

 Mystery |

 Thriller",2h 16m,A,"Stars:

Cary Grant, Eva Marie Saint, James Mason            |

See full cast & crew »",8.3,https://m.media-amazon.com/images/M/MV5BY2UxOTFlYWItZWM1NC00YWIwLTkzYWEtMTk4MWM3NzFhNjc5XkEyXkFqcGdeQXVyMzg1ODEwNQ@@._V1_SY351_SX250_AL_.jpg;
The Shining,"Director:

Stanley Kubrick","Writers:

Stephen King (novel), Stanley Kubrick (screenplay)            |

1 more credit »",1980-10-05,"Genres:

 Drama |

 Horror",2h 26m,15,"Stars:

Jack Nicholson, Shelley Duvall, Danny Lloyd            |

See full cast & crew »",8.4,https://m.media-amazon.com/images/M/MV5BNDllY2U4OWItNjViOS00OWJkLWE4NTYtNWUzYmNkYWIzMzMwXkEyXkFqcGdeQXVyNjc1NTYyMjg@._V1_SY482_SX320_AL_.jpg;
3 Idiots,"Director:

Rajkumar Hirani","Writers:

Rajkumar Hirani (screenplay), Abhijat Joshi (screenplay)            |

3 more credits »",2009-12-24,"Genres:

 Comedy |

 Drama",2h 50m,12A,"Stars:

Aamir Khan, Madhavan, Mona Singh            |

See full cast & crew »",8.4,https://m.media-amazon.com/images/M/MV5BMWYxZWRiNzQtYTRmMC00MmQ2LTkwMmYtMWYzOTViYTgyMTE1XkEyXkFqcGdeQXVyNzMzMjU5NDY@._V1_SY354_SX250_AL_.jpg;
Avengers: Endgame,"Directors:

Anthony Russo, Joe Russo","Writers:

Christopher Markus (screenplay by), Stephen McFeely (screenplay by)            |

14 more credits »",2019-04-25,"Genres:

 Action |

 Adventure |

 Drama |

 Sci-Fi",3h 1m,12A,"Stars:

Robert Downey Jr., Chris Evans, Mark Ruffalo            |

See full cast & crew »",8.4,"https://m.media-amazon.com/images/M/MV5BMTc4NDUzNTQ1NV5BMl5BanBnXkFtZTgwNjQ4OTM3NzM@._V1_SY500_CR0,0,337,500_AL_.jpg";
Once Upon a Time in America,"Director:

Sergio Leone","Writers:

Harry Grey (novel), Leonardo Benvenuti (screenplay)            |

6 more credits »",1984-10-05,"Genres:

 Crime |

 Drama",3h 49m,R,"Stars:

Robert De Niro, James Woods, Elizabeth McGovern            |

See full cast & crew »",8.4,"https://m.media-amazon.com/images/M/MV5BN2ZmZDU5OGEtZmRmYS00MjMyLWFlN2QtZmNkMThmYjZkNzU3L2ltYWdlL2ltYWdlXkEyXkFqcGdeQXVyNjMxMjkwMjI@._V1_SY500_CR0,0,813,500_AL_.jpg";
The Dark Knight,"Director:

Christopher Nolan","Writers:

Jonathan Nolan (screenplay), Christopher Nolan (screenplay)            |

3 more credits »",2008-07-24,"Genres:

 Action |

 Crime |

 Drama |

 Thriller",2h 32m,12A,"Stars:

Christian Bale, Heath Ledger, Aaron Eckhart            |

See full cast & crew »",9,https://m.media-amazon.com/images/M/MV5BYWRiZDY1NGQtNzA2YS00ZGIzLWJkYzktNjVmNDFkNGQ4NTc3XkEyXkFqcGdeQXVyODc0OTEyNDU@._V1_SY400_SX291_AL_.jpg;
Untouchable,"Directors:

Olivier Nakache, Éric Toledano","Writers:

Olivier Nakache, Philippe Pozzo di Borgo (adapted from his autobiographical tale Le Second Souffle)            |

1 more credit »",2012-09-21,"Genres:

 Biography |

 Comedy |

 Drama",1h 52m,15,"Stars:

François Cluzet, Omar Sy, Anne Le Ny            |

See full cast & crew »",8.5,https://m.media-amazon.com/images/M/MV5BZmMwYWFhZTgtYTc5Zi00ODk2LThjZWEtMzhjNWVlMTY0MmU4XkEyXkFqcGdeQXVyMTMxODYzNjg@._V1_SY209_SX171_AL_.jpg;
Casablanca,"Director:

Michael Curtiz","Writers:

Julius J. Epstein (screenplay), Philip G. Epstein (screenplay)            |

3 more credits »",1943-01-23,"Genres:

 Drama |

 Romance |

 War",1h 42m,U,"Stars:

Humphrey Bogart, Ingrid Bergman, Paul Henreid            |

See full cast & crew »",8.5,https://m.media-amazon.com/images/M/MV5BZjZiZjRmYjgtNzlhNS00MjA2LWE2OTAtNmYyZWZiN2VhOTJlXkEyXkFqcGdeQXVyNjEwMTA0NTc@._V1_SY280_SX360_AL_.jpg;
Vertigo,"Director:

Alfred Hitchcock","Writers:

Alec Coppel (screenplay by), Samuel A. Taylor (screenplay by) (as Samuel Taylor)            |

2 more credits »",1958-05-22,"Genres:

 Mystery |

 Romance |

 Thriller",2h 8m,A,"Stars:

James Stewart, Kim Novak, Barbara Bel Geddes            |

See full cast & crew »",8.3,"https://m.media-amazon.com/images/M/MV5BNjc5OTJkODEtMjY2Yi00OTA0LTg2NjctYTYyZTYyZjA2ZDlhXkEyXkFqcGdeQXVyMjQwMDg0Ng@@._V1_SY500_CR0,0,322,500_AL_.jpg";
Interstellar,"Director:

Christopher Nolan","Writers:

Jonathan Nolan, Christopher Nolan",2014-11-07,"Genres:

 Adventure |

 Drama |

 Sci-Fi",2h 49m,12A,"Stars:

Matthew McConaughey, Anne Hathaway, Jessica Chastain            |

See full cast & crew »",8.6,"https://m.media-amazon.com/images/M/MV5BMThiZTU2NGUtM2RlYi00N2E5LThjMDMtZDY5YTU5MGM1M2IxXkEyXkFqcGdeQXVyNjc1ODU3OTE@._V1_SY500_CR0,0,349,500_AL_.jpg";
Harakiri,"Director:

Masaki Kobayashi","Writers:

Yasuhiko Takiguchi (novel), Shinobu Hashimoto (screenplay)",1964-08-04,"Genres:

 Action |

 Drama |

 History",2h 13m,X,"Stars:

Tatsuya Nakadai, Akira Ishihama, Shima Iwashita            |

See full cast & crew »",8.7,"https://m.media-amazon.com/images/M/MV5BODAxNTBhZjktZWFmYS00NzI0LWE1ZWItYmJiNDc0ODRmNTk0XkEyXkFqcGdeQXVyMTA1NTM1NDI2._V1_SY500_CR0,0,402,500_AL_.jpg";
Star Wars: Episode IV - A New Hope,"Director:

George Lucas","Writer:

George Lucas",1978-01-29,"Genres:

 Action |

 Adventure |

 Fantasy |

 Sci-Fi",2h 1m,U,"Stars:

Mark Hamill, Harrison Ford, Carrie Fisher            |

See full cast & crew »",8.6,https://m.media-amazon.com/images/M/MV5BNGQyY2NkZDYtZjVlMi00NmZlLWEyMGMtZGZiOGViZGZlZjdkXkEyXkFqcGdeQXVyODE1NDM3MDQ@._V1_SY360_SX640_AL_.jpg;
Good Will Hunting,"Director:

Gus Van Sant","Writers:

Matt Damon, Ben Affleck",1998-03-06,"Genres:

 Drama |

 Romance",2h 6m,15,"Stars:

Robin Williams, Matt Damon, Ben Affleck            |

See full cast & crew »",8.3,"https://m.media-amazon.com/images/M/MV5BZGE5MmU2MzUtMDQ2Mi00OTIzLWFlNjUtMmI4MGU5ZDU4ZGIzXkEyXkFqcGdeQXVyMTI3Mzg5Nzg@._V1_SY237_CR0,0,164,237_AL_.jpg";
Dangal,"Director:

Nitesh Tiwari","Writers:

Piyush Gupta, Shreyas Jain            |

3 more credits »",2016-12-22,"Genres:

 Action |

 Biography |

 Drama |

 Sport",2h 41m,PG,"Stars:

Aamir Khan, Sakshi Tanwar, Fatima Sana Shaikh            |

See full cast & crew »",8.4,"https://m.media-amazon.com/images/M/MV5BMjA4NDkyMTY0N15BMl5BanBnXkFtZTgwMDc0NTA5MDI@._V1_SY500_CR0,0,337,500_AL_.jpg";
A Clockwork Orange,"Director:

Stanley Kubrick","Writers:

Stanley Kubrick (screenplay), Anthony Burgess (novel)",1972-01-13,"Genres:

 Crime |

 Drama |

 Sci-Fi",2h 16m,X,"Stars:

Malcolm McDowell, Patrick Magee, Michael Bates            |

See full cast & crew »",8.3,"https://m.media-amazon.com/images/M/MV5BMjEzODI0MDgzNl5BMl5BanBnXkFtZTgwNjcyNDM2MTI@._V1_SY500_CR0,0,353,500_AL_.jpg";
Eternal Sunshine of the Spotless Mind,"Director:

Michel Gondry","Writers:

Charlie Kaufman (story), Michel Gondry (story)            |

2 more credits »",2004-04-30,"Genres:

 Drama |

 Romance |

 Sci-Fi",1h 48m,15,"Stars:

Jim Carrey, Kate Winslet, Tom Wilkinson            |

See full cast & crew »",8.3,"https://m.media-amazon.com/images/M/MV5BMTYzMjE1MzEwMl5BMl5BanBnXkFtZTcwNDEwOTMyMw@@._V1_SY500_CR0,0,769,500_AL_.jpg";
Coco,"Directors:

Lee Unkrich, Adrian Molina (co-director)","Writers:

Lee Unkrich (original story by), Jason Katz (original story by)            |

4 more credits »",2018-01-19,"Genres:

 Animation |

 Adventure |

 Family |

 Fantasy |

 Music |

 Mystery",1h 45m,PG,"Stars:

Anthony Gonzalez, Gael García Bernal, Benjamin Bratt            |

See full cast & crew »",8.4,https://m.media-amazon.com/images/M/MV5BNTJlNDgzNDMtNjAyZC00ODNhLTgwNDktODk5ZWZmMjBiODY1XkEyXkFqcGdeQXVyMTYzMDM0NTU@._V1_SY357_SX250_AL_.jpg;
Like Stars on Earth,"Directors:

Aamir Khan, Amole Gupte (uncredited)","Writers:

Amole Gupte (dialogue & screenplay), Amole Gupte (story)",2007-12-21,"Genres:

 Drama |

 Family",2h 45m,PG,"Stars:

Darsheel Safary, Aamir Khan, Tisca Chopra            |

See full cast & crew »",8.4,"https://m.media-amazon.com/images/M/MV5BMDAyMjk5Y2UtODY1MC00ZTFkLTkzY2UtNDk3MzllZDZhYjgxXkEyXkFqcGdeQXVyNTA4NzY1MzY@._V1_SY500_CR0,0,362,500_AL_.jpg";
12 Angry Men,"Director:

Sidney Lumet","Writers:

Reginald Rose (story), Reginald Rose (screenplay)",1957-04-10,"Genres:

 Drama",1h 36m,U,"Stars:

Henry Fonda, Lee J. Cobb, Martin Balsam            |

See full cast & crew »",8.9,https://m.media-amazon.com/images/M/MV5BODgwMzJhNDYtNjg3Ni00Yzk2LWIyZDItMzUzMzVkMzcyNGY2XkEyXkFqcGdeQXVyODA1NDcyODc@._V1_SY245_SX174_AL_.jpg;
The Departed,"Director:

Martin Scorsese","Writers:

William Monahan (screenplay), Alan Mak            |

1 more credit »",2006-10-06,"Genres:

 Crime |

 Drama |

 Thriller",2h 31m,18,"Stars:

Leonardo DiCaprio, Matt Damon, Jack Nicholson            |

See full cast & crew »",8.5,"https://m.media-amazon.com/images/M/MV5BYzM5MjkwNDMtM2FmNi00MWJmLWI2M2QtMDExNDE2OTNmOGFhXkEyXkFqcGdeQXVyMTYzMDM0NTU@._V1_SY500_CR0,0,368,500_AL_.jpg";
Inception,"Director:

Christopher Nolan","Writer:

Christopher Nolan",2010-07-16,"Genres:

 Action |

 Adventure |

 Sci-Fi |

 Thriller",2h 28m,12A,"Stars:

Leonardo DiCaprio, Joseph Gordon-Levitt, Ellen Page            |

See full cast & crew »",8.8,"https://m.media-amazon.com/images/M/MV5BMTkxOTMyMDI0MV5BMl5BanBnXkFtZTcwODU0OTk1Mw@@._V1_SY500_CR0,0,342,500_AL_.jpg";
The Hunt,"Director:

Thomas Vinterberg","Writers:

Tobias Lindholm (screenplay), Thomas Vinterberg (screenplay)",2013-01-10,"Genres:

 Drama",1h 55m,15,"Stars:

Mads Mikkelsen, Thomas Bo Larsen, Annika Wedderkopp            |

See full cast & crew »",8.3,https://m.media-amazon.com/images/M/MV5BMTc4NDU4NzYzNF5BMl5BanBnXkFtZTcwODczMDk3OA@@._V1_SY500_SX750_AL_.jpg;
Requiem for a Dream,"Director:

Darren Aronofsky","Writers:

Hubert Selby Jr. (based on the book by), Hubert Selby Jr. (screenplay)            |

1 more credit »",2001-01-19,"Genres:

 Drama",1h 42m,18,"Stars:

Ellen Burstyn, Jared Leto, Jennifer Connelly            |

See full cast & crew »",8.3,https://m.media-amazon.com/images/M/MV5BYTk5YjY2OWYtODVmYi00OTU1LThlNjMtM2MwZTUzZjYzMzAzL2ltYWdlL2ltYWdlXkEyXkFqcGdeQXVyNTgzMzU5MDI@._V1_SY354_SX250_AL_.jpg;
WALL·E,"Director:

Andrew Stanton","Writers:

Andrew Stanton (original story by), Pete Docter (original story by)            |

2 more credits »",2008-07-18,"Genres:

 Animation |

 Adventure |

 Family |

 Sci-Fi",1h 38m,U,"Stars:

Ben Burtt, Elissa Knight, Jeff Garlin            |

See full cast & crew »",8.4,"https://m.media-amazon.com/images/M/MV5BNjUyODI5MzQyOV5BMl5BanBnXkFtZTcwNTgwMzMzMw@@._V1_SY500_CR0,0,336,500_AL_.jpg";
It's a Wonderful Life,"Director:

Frank Capra","Writers:

Frances Goodrich (screenplay), Albert Hackett (screenplay)            |

3 more credits »",1947-01-07,"Genres:

 Drama |

 Family |

 Fantasy",2h 10m,U,"Stars:

James Stewart, Donna Reed, Lionel Barrymore            |

See full cast & crew »",8.6,"https://m.media-amazon.com/images/M/MV5BNzljOWNiZmUtMWNhZC00ZTczLWI0NmQtMjhlY2EwY2FhMjE5XkEyXkFqcGdeQXVyNjE3MTc3MTU@._V1_SX340_CR0,0,340,441_AL_.jpg";
Alien,"Director:

Ridley Scott","Writers:

Dan O'Bannon (screenplay by), Dan O'Bannon (story by)            |

1 more credit »",1979-09-06,"Genres:

 Horror |

 Sci-Fi",1h 57m,X,"Stars:

Sigourney Weaver, Tom Skerritt, John Hurt            |

See full cast & crew »",8.4,"https://m.media-amazon.com/images/M/MV5BNTA3ZjE2ZWUtNjQwMy00NTE1LTg5N2UtNjQ1ZjY2Yjc2MzE3XkEyXkFqcGdeQXVyNDMxNjY1NTU@._V1_SY500_CR0,0,348,500_AL_.jpg";
American History X,"Director:

Tony Kaye","Writer:

David McKenna",1999-03-26,"Genres:

 Drama",1h 59m,18,"Stars:

Edward Norton, Edward Furlong, Beverly D'Angelo            |

See full cast & crew »",8.5,https://m.media-amazon.com/images/M/MV5BZjlhN2Y0ZDctZjVjOS00NzI5LWFjNWYtNGNiYzJlMmE4MTMyXkEyXkFqcGdeQXVyMTAzMDM4MjM0._V1_SY467_SX324_AL_.jpg;
Toy Story,"Director:

John Lasseter","Writers:

John Lasseter (original story by), Pete Docter (original story by)            |

6 more credits »",1996-03-22,"Genres:

 Animation |

 Adventure |

 Comedy |

 Family |

 Fantasy",1h 21m,PG,"Stars:

Tom Hanks, Tim Allen, Don Rickles            |

See full cast & crew »",8.3,"https://m.media-amazon.com/images/M/MV5BNDBjNTViNGQtZWNjYi00Y2VkLTg3NDMtYTQwZWNhMGU2Njk3XkEyXkFqcGdeQXVyNDk3NzU2MTQ@._V1_SY500_CR0,0,333,500_AL_.jpg";
Seven Samurai,"Director:

Akira Kurosawa","Writers:

Akira Kurosawa (screenplay), Shinobu Hashimoto (screenplay)            |

1 more credit »",1956-11-19,"Genres:

 Action |

 Adventure |

 Drama",3h 27m,A,"Stars:

Toshirô Mifune, Takashi Shimura, Keiko Tsushima            |

See full cast & crew »",8.6,"https://m.media-amazon.com/images/M/MV5BOTM5YTBkMTQtZmJlNS00ZjFlLWJhZDItMzg5ZDg1N2NhZDFhXkEyXkFqcGdeQXVyNzM0MTUwNTY@._V1_SX640_CR0,0,640,422_AL_.jpg";
Modern Times,"Director:

Charles Chaplin (as Charlie Chaplin)","Writer:

Charles Chaplin (as Charlie Chaplin)",1936-02-11,"Genres:

 Comedy |

 Drama |

 Family |

 Romance",1h 27m,U,"Stars:

Charles Chaplin, Paulette Goddard, Henry Bergman            |

See full cast & crew »",8.5,"https://m.media-amazon.com/images/M/MV5BNWUxMmI2MTItOTU4Ny00MzEwLTkzY2YtNTNiMjgwYWZlYWEyL2ltYWdlXkEyXkFqcGdeQXVyMDI2NDg0NQ@@._V1_SY500_CR0,0,718,500_AL_.jpg";
The Green Mile,"Director:

Frank Darabont","Writers:

Stephen King (novel), Frank Darabont (screenplay)",2000-03-03,"Genres:

 Crime |

 Drama |

 Fantasy |

 Mystery",3h 9m,18,"Stars:

Tom Hanks, Michael Clarke Duncan, David Morse            |

See full cast & crew »",8.6,"https://m.media-amazon.com/images/M/MV5BMTA0OTU2Y2QtNjY2Yy00M2Q5LWFiYzQtODlmN2ZkOWQxNGE4XkEyXkFqcGdeQXVyMTYzMDM0NTU@._V1_SY500_CR0,0,353,500_AL_.jpg";
Schindler's List,"Director:

Steven Spielberg","Writers:

Thomas Keneally (book), Steven Zaillian (screenplay)",1994-02-18,"Genres:

 Biography |

 Drama |

 History",3h 15m,15,"Stars:

Liam Neeson, Ralph Fiennes, Ben Kingsley            |

See full cast & crew »",8.9,https://m.media-amazon.com/images/M/MV5BNzczOWJlYTAtMDQ1Yy00MWU5LTk3Y2QtMWEyOGRiMjFkMTJmXkEyXkFqcGdeQXVyNTc5OTMwOTQ@._V1_SY480_SX303_AL_.jpg;
Rear Window,"Director:

Alfred Hitchcock","Writers:

John Michael Hayes (screenplay), Cornell Woolrich (based on the short story by)",1954-11-15,"Genres:

 Mystery |

 Thriller",1h 52m,A,"Stars:

James Stewart, Grace Kelly, Wendell Corey            |

See full cast & crew »",8.4,"https://m.media-amazon.com/images/M/MV5BYzgyMzA2OTEtMDM1ZC00YWMzLTlmODktOTRmM2E5ZjgzMzBiXkEyXkFqcGdeQXVyMDUyOTUyNQ@@._V1_SX888_CR0,0,888,160_AL_.jpg";
Full Metal Jacket,"Director:

Stanley Kubrick","Writers:

Stanley Kubrick (screenplay by), Michael Herr (screenplay by)            |

2 more credits »",1987-09-11,"Genres:

 Drama |

 War",1h 56m,15,"Stars:

Matthew Modine, R. Lee Ermey, Vincent D'Onofrio            |

See full cast & crew »",8.3,"https://m.media-amazon.com/images/M/MV5BMjcwM2Y3MjUtOWJiMC00ODUyLWE2NjAtNmViNGQwNmRjMTI3XkEyXkFqcGdeQXVyMzIwNDY4NDI@._V1_SX250_CR0,0,250,357_AL_.jpg";
City Lights,"Director:

Charles Chaplin","Writer:

Charles Chaplin",1931-03-07,"Genres:

 Comedy |

 Drama |

 Romance",1h 27m,U,"Stars:

Charles Chaplin, Virginia Cherrill, Florence Lee            |

See full cast & crew »",8.5,https://m.media-amazon.com/images/M/MV5BYjAzMDI3MTgtZWIxNi00MzBiLTk4NzQtZmRlNjM1ZGJjODVhXkEyXkFqcGdeQXVyMjU4NzU2OTA@._V1_SY384_SX480_AL_.jpg;
The Great Dictator,"Director:

Charles Chaplin","Writer:

Charles Chaplin",1941-03-07,"Genres:

 Comedy |

 Drama |

 War",2h 5m,U,"Stars:

Charles Chaplin, Paulette Goddard, Jack Oakie            |

See full cast & crew »",8.4,"https://m.media-amazon.com/images/M/MV5BYmZjM2U5YTYtMzUyNC00YWQ2LTlkMGItMTdjNzc3NDM0OTkxXkEyXkFqcGdeQXVyMDUyOTUyNQ@@._V1_SY500_CR0,0,381,500_AL_.jpg";
M,"Director:

Fritz Lang","Writers:

Thea von Harbou (script), Fritz Lang (script)",1931-08-31,"Genres:

 Crime |

 Mystery |

 Thriller",1h 39m,A,"Stars:

Peter Lorre, Ellen Widmann, Inge Landgut            |

See full cast & crew »",8.3,https://m.media-amazon.com/images/M/MV5BMTg5ODU2MjIwMF5BMl5BanBnXkFtZTgwNzg1MTA5MTE@._V1_SY500_SX375_AL_.jpg;
Grave of the Fireflies,"Director:

Isao Takahata","Writers:

Akiyuki Nosaka (novel), Isao Takahata",1989-04-07,null,1h 29m,12A,"Stars:

Tsutomu Tatsumi, Ayano Shiraishi, Akemi Yamaguchi            |

See full cast & crew »",8.5,"https://m.media-amazon.com/images/M/MV5BODFlNjhiYjUtOWU4Zi00ZTViLTlmYTEtYmNjMTkwMTAwMGMzXkEyXkFqcGdeQXVyNTA4NzY1MzY@._V1_SY500_CR0,0,353,500_AL_.jpg";
The Silence of the Lambs,"Director:

Jonathan Demme","Writers:

Thomas Harris (novel), Ted Tally (screenplay)",1991-05-31,"Genres:

 Crime |

 Drama |

 Thriller",1h 58m,18,"Stars:

Jodie Foster, Anthony Hopkins, Lawrence A. Bonney            |

See full cast & crew »",8.6,"https://m.media-amazon.com/images/M/MV5BZDBkNzFiMjYtZjA0YS00MGNhLTg5MTMtODJiN2JjZWY5YTU3XkEyXkFqcGdeQXVyNzM0MTUwNTY@._V1_SX368_CR0,0,368,490_AL_.jpg";
Gladiator,"Director:

Ridley Scott","Writers:

David Franzoni (story), David Franzoni (screenplay)            |

2 more credits »",2000-05-12,"Genres:

 Action |

 Adventure |

 Drama",2h 35m,15,"Stars:

Russell Crowe, Joaquin Phoenix, Connie Nielsen            |

See full cast & crew »",8.5,"https://m.media-amazon.com/images/M/MV5BZTI4OTAyOWYtZTM1My00MjgwLWE1ZWQtNmEzYjE5NzQ5ZTQ1XkEyXkFqcGdeQXVyMTAyNjg4NjE0._V1_SY500_CR0,0,333,500_AL_.jpg";
Back to the Future,"Director:

Robert Zemeckis","Writers:

Robert Zemeckis, Bob Gale",1985-12-04,"Genres:

 Adventure |

 Comedy |

 Sci-Fi",1h 56m,PG,"Stars:

Michael J. Fox, Christopher Lloyd, Lea Thompson            |

See full cast & crew »",8.5,"https://m.media-amazon.com/images/M/MV5BNGMzZWQ4NTQtMGZhYy00OGQ2LTk3NWQtNWNmODM1MGFiMWU0XkEyXkFqcGdeQXVyNTIzOTk5ODM@._V1_SY498_CR0,0,317,498_AL_.jpg";
Braveheart,"Director:

Mel Gibson","Writer:

Randall Wallace",1995-09-08,"Genres:

 Biography |

 Drama |

 History |

 War",2h 58m,15,"Stars:

Mel Gibson, Sophie Marceau, Patrick McGoohan            |

See full cast & crew »",8.3,https://m.media-amazon.com/images/M/MV5BMTk1NGFhNmUtYjA5YS00YTlhLTkwMzktNzJjZTgyMTcxNmE3XkEyXkFqcGdeQXVyODE0NDQ4NjI@._V1_SY462_SX489_AL_.jpg;
Leon,"Director:

Luc Besson","Writer:

Luc Besson",1995-02-03,"Genres:

 Action |

 Crime |

 Drama |

 Thriller",1h 50m,18,"Stars:

Jean Reno, Gary Oldman, Natalie Portman            |

See full cast & crew »",8.5,"https://m.media-amazon.com/images/M/MV5BMGJlMjQ4OGUtYWViOS00MDZjLTljNTMtYjhkNWEwODE1NzE1XkEyXkFqcGdeQXVyNTA4NzY1MzY@._V1_SY500_CR0,0,361,500_AL_.jpg";
Inglourious Basterds,"Director:

Quentin Tarantino","Writer:

Quentin Tarantino",2009-08-19,"Genres:

 Adventure |

 Drama |

 War",2h 33m,18,"Stars:

Brad Pitt, Diane Kruger, Eli Roth            |

See full cast & crew »",8.3,"https://m.media-amazon.com/images/M/MV5BOWQ5ODU2N2QtMTZhNi00OTMzLWFkZDgtMDM2ZTI1NGJmMmY2XkEyXkFqcGdeQXVyNTIzOTk5ODM@._V1_SY500_CR0,0,337,500_AL_.jpg";
The Shawshank Redemption,"Director:

Frank Darabont","Writers:

Stephen King (short story ""Rita Hayworth and Shawshank Redemption""), Frank Darabont (screenplay)",1995-02-17,"Genres:

 Drama",2h 22m,15,"Stars:

Tim Robbins, Morgan Freeman, Bob Gunton            |

See full cast & crew »",9.3,"https://m.media-amazon.com/images/M/MV5BMzNmMWY3MzQtOTk4Ny00MGQzLWEyOTMtNzVjZWYyMDExMWY0XkEyXkFqcGdeQXVyNjc1ODU3OTE@._V1_SY500_CR0,0,350,500_AL_.jpg";
Oldboy,"Director:

Chan-wook Park","Writers:

Garon Tsuchiya (story), Nobuaki Minegishi (comic)            |

4 more credits »",2004-10-15,"Genres:

 Action |

 Drama |

 Mystery |

 Thriller",null,18,"Stars:

Min-sik Choi, Ji-Tae Yoo, Hye-jeong Kang            |

See full cast & crew »",8.4,"https://m.media-amazon.com/images/M/MV5BZTA1YTMwZGYtYjIwNC00NDkwLWFmNDYtYTNkYTVhZjY3YzY2XkEyXkFqcGdeQXVyMTYzMDM0NTU@._V1_SY500_CR0,0,333,500_AL_.jpg";
City of God,"Directors:

Fernando Meirelles, Kátia Lund (co-director)","Writers:

Paulo Lins (novel), Bráulio Mantovani (screenplay)",2003-01-03,"Genres:

 Crime |

 Drama",2h 10m,18,"Stars:

Alexandre Rodrigues, Leandro Firmino, Matheus Nachtergaele            |

See full cast & crew »",8.6,"https://m.media-amazon.com/images/M/MV5BNTdkZjhhODgtYWI5MC00YTIwLWFmODAtYzJjNTBkMWM1NjA1XkEyXkFqcGdeQXVyNjg5ODg2MTQ@._V1_SY500_CR0,0,353,500_AL_.jpg";
Forrest Gump,"Director:

Robert Zemeckis","Writers:

Winston Groom (novel), Eric Roth (screenplay)",1994-10-07,"Genres:

 Drama |

 Romance",2h 22m,12,"Stars:

Tom Hanks, Robin Wright, Gary Sinise            |

See full cast & crew »",8.8,https://m.media-amazon.com/images/M/MV5BYjExM2E3ZDAtYzhkNy00ZGViLWFlMzItMjJkMjZmN2M0MGZkXkEyXkFqcGdeQXVyNjYyMTYxMzk@._V1_SY371_SX250_AL_.jpg;
Reservoir Dogs,"Director:

Quentin Tarantino","Writers:

Quentin Tarantino, Quentin Tarantino (background radio dialogue written by)            |

1 more credit »",1993-01-15,"Genres:

 Crime |

 Drama |

 Thriller",1h 39m,18,"Stars:

Harvey Keitel, Tim Roth, Michael Madsen            |

See full cast & crew »",8.3,"https://m.media-amazon.com/images/M/MV5BN2JmMjliMjgtMjJhMi00NjNkLWFhYzYtMmJjYTY4OTFkZWYxXkEyXkFqcGdeQXVyNzkwMjQ5NzM@._V1_SX290_CR0,0,290,432_AL_.jpg";
The Lord of the Rings: The Fellowship of the Ring,"Director:

Peter Jackson","Writers:

J.R.R. Tolkien (novel), Fran Walsh (screenplay)            |

2 more credits »",2001-12-19,"Genres:

 Action |

 Adventure |

 Drama |

 Fantasy",2h 58m,PG,"Stars:

Elijah Wood, Ian McKellen, Orlando Bloom            |

See full cast & crew »",8.8,"https://m.media-amazon.com/images/M/MV5BNWNkZDdkYjAtODYzNy00YjQ5LTk3YjktMjlkNDNjN2M1ZjRkXkEyXkFqcGdeQXVyMzM4MjM0Nzg@._V1_SY500_CR0,0,348,500_AL_.jpg";
Joker,"Director:

Todd Phillips","Writers:

Todd Phillips, Scott Silver            |

3 more credits »",2019-10-04,"Genres:

 Crime |

 Drama |

 Thriller",2h 2m,15,"Stars:

Joaquin Phoenix, Robert De Niro, Zazie Beetz            |

See full cast & crew »",8.5,"https://m.media-amazon.com/images/M/MV5BOGVhZmNhZjgtNjAwZi00NDhiLWFlMWEtZmRjODQwODI1YmZjXkEyXkFqcGdeQXVyMTkxNjUyNQ@@._V1_SY500_CR0,0,337,500_AL_.jpg";
Memento,"Director:

Christopher Nolan","Writers:

Christopher Nolan (screenplay), Jonathan Nolan (short story ""Memento Mori"")",2000-10-20,"Genres:

 Mystery |

 Thriller",1h 53m,15,"Stars:

Guy Pearce, Carrie-Anne Moss, Joe Pantoliano            |

See full cast & crew »",8.4,"https://m.media-amazon.com/images/M/MV5BYjRjZjUzMTEtMjhjNC00NTllLWE2OGMtYjVlNjYwMDk5MGRjXkEyXkFqcGdeQXVyMzAxNjg3MjQ@._V1_SY500_CR0,0,333,500_AL_.jpg";
The Prestige,"Director:

Christopher Nolan","Writers:

Jonathan Nolan (screenplay), Christopher Nolan (screenplay)            |

1 more credit »",2006-11-10,"Genres:

 Drama |

 Mystery |

 Sci-Fi |

 Thriller",2h 10m,12A,"Stars:

Christian Bale, Hugh Jackman, Scarlett Johansson            |

See full cast & crew »",8.5,"https://m.media-amazon.com/images/M/MV5BMTM3MzQ5MjQ5OF5BMl5BanBnXkFtZTcwMTQ3NzMzMw@@._V1_SY500_CR0,0,338,500_AL_.jpg";
Your Name.,"Director:

Makoto Shinkai","Writers:

Makoto Shinkai (based on his novel), Makoto Shinkai (screenplay)            |

1 more credit »",2016-11-18,"Genres:

 Animation |

 Drama |

 Fantasy |

 Romance",1h 46m,12A,"Stars:

Ryûnosuke Kamiki, Mone Kamishiraishi, Ryô Narita            |

See full cast & crew »",8.4,https://m.media-amazon.com/images/M/MV5BYjAxOGE2YmEtZjc4MS00ZjcxLWI5NTMtNDA2ZGU5ODQ4NTBmXkEyXkFqcGdeQXVyMTYzMDM0NTU@._V1_SY165_SX110_AL_.jpg;
American Beauty,"Director:

Sam Mendes","Writer:

Alan Ball",2000-02-04,"Genres:

 Drama",2h 2m,18,"Stars:

Kevin Spacey, Annette Bening, Thora Birch            |

See full cast & crew »",8.3,"https://m.media-amazon.com/images/M/MV5BNWVmYzFhZGQtYjIyYy00Y2IwLTk2MWQtMWZjYzUzYmU0OTdhXkEyXkFqcGdeQXVyNjYyMTYxMzk@._V1_SX340_CR0,0,340,477_AL_.jpg";
The Lives of Others,"Director:

Florian Henckel von Donnersmarck","Writer:

Florian Henckel von Donnersmarck",2007-04-13,"Genres:

 Drama |

 Mystery |

 Thriller",2h 17m,15,"Stars:

Ulrich Mühe, Martina Gedeck, Sebastian Koch            |

See full cast & crew »",8.4,"https://m.media-amazon.com/images/M/MV5BZmIxNDBhMTEtMTM0OS00OGM5LTlkZjYtNzNlOTk4MTM0NGQ4XkEyXkFqcGdeQXVyMTAyOTE2ODg0._V1_SX296_CR0,0,296,420_AL_.jpg";
Saving Private Ryan,"Director:

Steven Spielberg","Writer:

Robert Rodat",1998-09-11,"Genres:

 Drama |

 War",2h 49m,15,"Stars:

Tom Hanks, Matt Damon, Tom Sizemore            |

See full cast & crew »",8.6,https://m.media-amazon.com/images/M/MV5BOGI0OGNhYzgtMWY1Yi00M2Q5LTkwNDktMmQ4NmZjM2MwNWQ0XkEyXkFqcGdeQXVyNjAwODA4Mw@@._V1_SY188_SX300_AL_.jpg;
Raiders of the Lost Ark,"Director:

Steven Spielberg","Writers:

Lawrence Kasdan (screenplay by), George Lucas (story by)            |

1 more credit »",1981-07-30,"Genres:

 Action |

 Adventure",1h 55m,A,"Stars:

Harrison Ford, Karen Allen, Paul Freeman            |

See full cast & crew »",8.4,https://m.media-amazon.com/images/M/MV5BMTA5ODE4NDA4MDdeQTJeQWpwZ15BbWU4MDY1MTI5OTAx._V1_SY250_SX171_AL_.jpg;
Once Upon a Time in the West,"Director:

Sergio Leone","Writers:

Sergio Donati (screenplay by), Sergio Leone (screenplay by)            |

3 more credits »",1969-08-31,"Genres:

 Western",2h 45m,AA,"Stars:

Henry Fonda, Charles Bronson, Claudia Cardinale            |

See full cast & crew »",8.5,"https://m.media-amazon.com/images/M/MV5BOTgwMTRiZmItMTM2Yy00ZGY2LWIxZmItZGJkMDkwNTYyZTI0XkEyXkFqcGdeQXVyNjc1NTYyMjg@._V1_SY500_CR0,0,337,500_AL_.jpg";
The Godfather,"Director:

Francis Ford Coppola","Writers:

Mario Puzo (screenplay by), Francis Ford Coppola (screenplay by)            |

1 more credit »",1972-08-24,"Genres:

 Crime |

 Drama",2h 55m,X,"Stars:

Marlon Brando, Al Pacino, James Caan            |

See full cast & crew »",9.2,https://m.media-amazon.com/images/M/MV5BMGRhMGEzYzgtYjI5Yy00ZWJhLWI1ZGYtMzkxMGZkNDc3OWM5XkEyXkFqcGdeQXVyNzM0MTUwNTY@._V1_SY250_SX175_AL_.jpg;
Terminator 2: Judgment Day,"Director:

James Cameron","Writers:

James Cameron, William Wisher",1991-08-16,"Genres:

 Action |

 Sci-Fi",2h 17m,R,"Stars:

Arnold Schwarzenegger, Linda Hamilton, Edward Furlong            |

See full cast & crew »",8.5,https://m.media-amazon.com/images/M/MV5BYTA3NGVlMmQtNzkzOC00ODI5LTgzMzgtMTgwMmI2ZWM1M2NjXkEyXkFqcGdeQXVyMzM4MjM0Nzg@._V1_SY500_SX353_AL_.jpg;
The Lion King,"Directors:

Roger Allers, Rob Minkoff","Writers:

Irene Mecchi (screenplay by), Jonathan Roberts (screenplay by)            |

27 more credits »",1994-10-07,"Genres:

 Animation |

 Adventure |

 Drama |

 Family |

 Musical",1h 28m,U,"Stars:

Matthew Broderick, Jeremy Irons, James Earl Jones            |

See full cast & crew »",8.5,"https://m.media-amazon.com/images/M/MV5BNDMzOGRiNmQtOWEzNS00OWIxLWE3OTktOGExN2Q3NDAyOWQxXkEyXkFqcGdeQXVyNjUwNzk3NDc@._V1_SY500_CR0,0,351,500_AL_.jpg";
Star Wars: Episode VI - Return of the Jedi,"Director:

Richard Marquand","Writers:

Lawrence Kasdan (screenplay by), George Lucas (screenplay by)            |

1 more credit »",1983-06-02,"Genres:

 Action |

 Adventure |

 Fantasy |

 Sci-Fi",2h 11m,U,"Stars:

Mark Hamill, Harrison Ford, Carrie Fisher            |

See full cast & crew »",8.3,"https://m.media-amazon.com/images/M/MV5BY2M4ODQ1NzctYThjYS00NjRlLWI5N2EtMDUxNDA3ZDhiYmM3XkEyXkFqcGdeQXVyNzMzMjU5NDY@._V1_SY327_CR0,0,232,327_AL_.jpg";
Seven,"Director:

David Fincher","Writer:

Andrew Kevin Walker",1996-01-05,"Genres:

 Crime |

 Drama |

 Mystery |

 Thriller",2h 7m,18,"Stars:

Morgan Freeman, Brad Pitt, Kevin Spacey            |

See full cast & crew »",8.6,"https://m.media-amazon.com/images/M/MV5BZTA2NWUwMjgtYjA2ZC00Y2YwLWFhOTMtZjYzNTBhZTczNGVmXkEyXkFqcGdeQXVyNjE3MTc3MTU@._V1_SX391_CR0,0,391,457_AL_.jpg";
Sunset Blvd.,"Director:

Billy Wilder","Writers:

Charles Brackett, Billy Wilder            |

1 more credit »",1950-09-29,"Genres:

 Drama |

 Film-Noir",1h 50m,PG,"Stars:

William Holden, Gloria Swanson, Erich von Stroheim            |

See full cast & crew »",8.4,https://m.media-amazon.com/images/M/MV5BMzk4MzU2MTUyMV5BMl5BanBnXkFtZTYwNzQxODQ2._V1_SY147_SX225_AL_.jpg;
Spirited Away,"Director:

Hayao Miyazaki","Writer:

Hayao Miyazaki",2003-09-12,"Genres:

 Animation |

 Adventure |

 Family |

 Fantasy |

 Mystery",2h 5m,PG,"Stars:

Daveigh Chase, Suzanne Pleshette, Miyu Irino            |

See full cast & crew »",8.6,"https://m.media-amazon.com/images/M/MV5BZTk4YjVlZTQtYmFmOC00MjcxLWJiMWEtNzNhOGJmN2NkY2U3L2ltYWdlL2ltYWdlXkEyXkFqcGdeQXVyMTQxNzMzNDI@._V1_SY500_CR0,0,338,500_AL_.jpg";
Pulp Fiction,"Director:

Quentin Tarantino","Writers:

Quentin Tarantino (stories), Roger Avary (stories)            |

1 more credit »",1994-10-21,"Genres:

 Crime |

 Drama",2h 34m,18,"Stars:

John Travolta, Uma Thurman, Samuel L. Jackson            |

See full cast & crew »",8.9,"https://m.media-amazon.com/images/M/MV5BMGIwODdlYTEtOTUxMy00OGNiLWFlODItNTdiOGYzMDg3ODI5XkEyXkFqcGdeQXVyNjYyMTYxMzk@._V1_SX250_CR0,0,250,355_AL_.jpg";
Snatch,"Director:

Guy Ritchie","Writer:

Guy Ritchie",2000-09-01,"Genres:

 Comedy |

 Crime",1h 42m,18,"Stars:

Jason Statham, Brad Pitt, Benicio Del Toro            |

See full cast & crew »",8.3,"https://m.media-amazon.com/images/M/MV5BNDcwN2VjZDEtNWNhMS00MDc4LWIwZWQtM2Q2NjQyZTcwYzBjXkEyXkFqcGdeQXVyNTI4MjkwNjA@._V1_SY377_CR0,0,257,377_AL_.jpg";
Fight Club,"Director:

David Fincher","Writers:

Chuck Palahniuk (novel), Jim Uhls (screenplay)",1999-11-12,"Genres:

 Drama",2h 19m,18,"Stars:

Brad Pitt, Edward Norton, Meat Loaf            |

See full cast & crew »",8.8,"https://m.media-amazon.com/images/M/MV5BNGU5MGNjZmEtMTc4ZC00MjgyLTg2NzAtM2U3NmQwZGUyOGM3XkEyXkFqcGdeQXVyNzkwMjQ5NzM@._V1_SX333_CR0,0,333,499_AL_.jpg";
Psycho,"Director:

Alfred Hitchcock","Writers:

Joseph Stefano (screenplay by), Robert Bloch (based on the novel by)",1960-09-15,"Genres:

 Horror |

 Mystery |

 Thriller",1h 49m,X,"Stars:

Anthony Perkins, Janet Leigh, Vera Miles            |

See full cast & crew »",8.5,"https://m.media-amazon.com/images/M/MV5BMTFkYjBjM2QtNjIxMi00MjQxLWEwMTItMzBlMGRmOGRmNzQ2XkEyXkFqcGdeQXVyNjc1NTYyMjg@._V1_SY500_CR0,0,334,500_AL_.jpg";
Citizen Kane,"Director:

Orson Welles","Writers:

Herman J. Mankiewicz (original screen play), Orson Welles (original screen play)",1942-01-24,"Genres:

 Drama |

 Mystery",1h 59m,A,"Stars:

Orson Welles, Joseph Cotten, Dorothy Comingore            |

See full cast & crew »",8.3,"https://m.media-amazon.com/images/M/MV5BNzgxNDc4ZTgtZjI0Mi00ODNjLWJkNjItY2JhOTdmNzg1YjUyXkEyXkFqcGdeQXVyNjc1NTYyMjg@._V1_SY500_CR0,0,332,500_AL_.jpg";
Das Boot,"Director:

Wolfgang Petersen","Writers:

Wolfgang Petersen (screenplay), Lothar G. Buchheim (novel)",1982-02-10,"Genres:

 Adventure |

 Drama |

 Thriller |

 War",2h 29m,AA,"Stars:

Jürgen Prochnow, Herbert Grönemeyer, Klaus Wennemann            |

See full cast & crew »",8.3,"https://m.media-amazon.com/images/M/MV5BZjBhYjI4NDctZGFjMC00MWI0LTk3ZWUtZmQ1YmNlYzY4N2RkXkEyXkFqcGdeQXVyNTA4NzY1MzY@._V1_SY500_CR0,0,333,500_AL_.jpg";
Paths of Glory,"Director:

Stanley Kubrick","Writers:

Stanley Kubrick (screenplay), Calder Willingham (screenplay)            |

2 more credits »",1957-12-20,"Genres:

 Drama |

 War",1h 28m,PG,"Stars:

Kirk Douglas, Ralph Meeker, Adolphe Menjou            |

See full cast & crew »",8.4,"https://m.media-amazon.com/images/M/MV5BZDQ5OWVlN2MtNDlkMS00MjliLTkyOTktMGUwNWJkZDZhNGM0XkEyXkFqcGdeQXVyMDI2NDg0NQ@@._V1_SY500_CR0,0,508,500_AL_.jpg";
Spider-Man: Into the Spider-Verse,"Directors:

Bob Persichetti, Peter Ramsey            |

1 more credit »","Writers:

Phil Lord (screenplay by), Rodney Rothman (screenplay by)            |

1 more credit »",2018-12-12,"Genres:

 Animation |

 Action |

 Adventure |

 Family |

 Sci-Fi",1h 57m,PG,"Stars:

Shameik Moore, Jake Johnson, Hailee Steinfeld            |

See full cast & crew »",8.4,"https://m.media-amazon.com/images/M/MV5BOGFmYTNmYzAtMTgxOS00YmZmLTg3ODktZTkwMzRhZTYwYTVjXkEyXkFqcGdeQXVyMTAzMDM4MjM0._V1_SY500_CR0,0,337,500_AL_.jpg";
Amadeus,"Director:

Milos Forman","Writers:

Peter Shaffer (original stage play), Peter Shaffer (original screenplay)",1985-01-17,"Genres:

 Biography |

 Drama |

 History |

 Music",2h 40m,R,"Stars:

F. Murray Abraham, Tom Hulce, Elizabeth Berridge            |

See full cast & crew »",8.3,"https://m.media-amazon.com/images/M/MV5BZWZlMzczODAtZmNiZS00MTM3LTljNGUtNTkxYTVlNmEzNGRhXkEyXkFqcGdeQXVyNTIzOTk5ODM@._V1_SY377_CR0,0,254,377_AL_.jpg";
Django Unchained,"Director:

Quentin Tarantino","Writer:

Quentin Tarantino",2013-01-18,"Genres:

 Drama |

 Western",2h 45m,18,"Stars:

Jamie Foxx, Christoph Waltz, Leonardo DiCaprio            |

See full cast & crew »",8.4,"https://m.media-amazon.com/images/M/MV5BMjI3NDAzNTg2MV5BMl5BanBnXkFtZTcwOTUzOTMzOQ@@._V1_SY352_CR0,0,289,352_AL_.jpg";
"The Good, the Bad and the Ugly","Director:

Sergio Leone","Writers:

Luciano Vincenzoni (story), Sergio Leone (story)            |

4 more credits »",1967-12-29,"Genres:

 Western",2h 28m,X,"Stars:

Clint Eastwood, Eli Wallach, Lee Van Cleef            |

See full cast & crew »",8.8,https://m.media-amazon.com/images/M/MV5BMjE3NTQwNjgyNV5BMl5BanBnXkFtZTgwODU4ODE5MDE@._V1_SY250_SX164_AL_.jpg;
Goodfellas,"Director:

Martin Scorsese","Writers:

Nicholas Pileggi (book), Nicholas Pileggi (screenplay)            |

1 more credit »",1990-10-26,"Genres:

 Biography |

 Crime |

 Drama",2h 26m,18,"Stars:

Robert De Niro, Ray Liotta, Joe Pesci            |

See full cast & crew »",8.7,"https://m.media-amazon.com/images/M/MV5BODNmMDc4NjgtZjMzMC00MDAzLTk1NmYtZWRhZWNhYjYwYzgzXkEyXkFqcGdeQXVyNzM0MTUwNTY@._V1_SX349_CR0,0,349,499_AL_.jpg";
Whiplash,"Director:

Damien Chazelle","Writer:

Damien Chazelle",2015-01-16,"Genres:

 Drama |

 Music",1h 46m,15,"Stars:

Miles Teller, J.K. Simmons, Melissa Benoist            |

See full cast & crew »",8.5,"https://m.media-amazon.com/images/M/MV5BZjZiNTFmNzAtMzFiMi00ZmFmLTkzZDItZWQzNGJkZjk5NGNlXkEyXkFqcGdeQXVyMTAyOTE2ODg0._V1_SY500_CR0,0,348,500_AL_.jpg";
The Godfather: Part II,"Director:

Francis Ford Coppola","Writers:

Francis Ford Coppola (screenplay by), Mario Puzo (screenplay by)            |

1 more credit »",1975-05-15,"Genres:

 Crime |

 Drama",3h 22m,X,"Stars:

Al Pacino, Robert De Niro, Robert Duvall            |

See full cast & crew »",9,"https://m.media-amazon.com/images/M/MV5BMzM2MjRiNmQtNGEwYi00NjdkLTk1ODYtNDRmZTZiMjAzMDAyXkEyXkFqcGdeQXVyNzEyNjUwMTA@._V1_SY500_CR0,0,371,500_AL_.jpg";
Parasite,"Director:

Bong Joon Ho","Writers:

Bong Joon Ho (story), Bong Joon Ho (screenplay)            |

1 more credit »",2020-02-07,"Genres:

 Comedy |

 Drama |

 Thriller",2h 12m,15,"Stars:

Kang-ho Song, Sun-kyun Lee, Yeo-jeong Jo            |

See full cast & crew »",8.6,"https://m.media-amazon.com/images/M/MV5BOGJkYzc5MDctNTE4OC00OTdmLWFlN2MtMzBlZGNmMGM2ZjdiXkEyXkFqcGdeQXVyMTA3MzQ4MTcw._V1_SY499_CR0,0,353,499_AL_.jpg";
Dr. Strangelove or: How I Learned to Stop Worrying and Love the Bomb,"Director:

Stanley Kubrick","Writers:

Stanley Kubrick (screenplay), Terry Southern (screenplay)            |

2 more credits »",1964-01-29,"Genres:

 Comedy",1h 35m,A,"Stars:

Peter Sellers, George C. Scott, Sterling Hayden            |

See full cast & crew »",8.4,https://m.media-amazon.com/images/M/MV5BODMxNmNiZjgtOTI4MC00NzEwLWE1ZjUtNWJkYjI3N2U3Nzg1XkEyXkFqcGdeQXVyMzg1ODEwNQ@@._V1_SY350_SX247_AL_.jpg;
Cinema Paradiso,"Director:

Giuseppe Tornatore","Writers:

Giuseppe Tornatore (story), Giuseppe Tornatore (screenplay)            |

2 more credits »",1990-02-23,"Genres:

 Drama",2h 35m,PG,"Stars:

Philippe Noiret, Enzo Cannavale, Antonella Attili            |

See full cast & crew »",8.5,"https://m.media-amazon.com/images/M/MV5BYWY3NWY1ZTItZjQyZS00MTRmLWI1MjAtZGRmYzk0NzRiYWExXkEyXkFqcGdeQXVyNTA4NzY1MzY@._V1_SY500_CR0,0,335,500_AL_.jpg";
The Dark Knight Rises,"Director:

Christopher Nolan","Writers:

Jonathan Nolan (screenplay), Christopher Nolan (screenplay)            |

3 more credits »",2012-07-20,"Genres:

 Action |

 Adventure",2h 44m,12A,"Stars:

Christian Bale, Tom Hardy, Anne Hathaway            |

See full cast & crew »",8.4,"https://m.media-amazon.com/images/M/MV5BMTk1Njc5OTMwMF5BMl5BanBnXkFtZTcwMDQyMzQ4Nw@@._V1_SY500_CR0,0,342,500_AL_.jpg";
